{
    "0": {
        "train_loss": [
            4.827170964201188,
            4.641493408022159,
            4.556978906019696,
            4.396408316153301,
            3.846742582962652,
            3.2758345723236566,
            3.169368786830961,
            2.6348586552880806,
            2.254361554280412,
            1.9653209584598303,
            1.6847291547002334,
            1.5696997550795995,
            1.4154458882422105,
            1.254429667266664,
            1.18849948624662,
            1.0785559298211684,
            0.9860150413268969,
            0.9332723437347079,
            0.8975612361222358,
            0.8380718655903608
        ],
        "train_accuracy": [
            0.020533396270946424,
            0.02371961293367949,
            0.02725985367004956,
            0.04106679254189285,
            0.08862402643379749,
            0.1584847769648336,
            0.193297144205806,
            0.28782157186688695,
            0.37101722917158364,
            0.4524427661080953,
            0.5267878215718669,
            0.5545197073400991,
            0.5934623554401699,
            0.6350011800802454,
            0.6527023837620958,
            0.6806702855794193,
            0.7054519707340099,
            0.7205569978758555,
            0.7272834552749586,
            0.7440405947604437
        ],
        "validation_loss": [
            4.673437954064189,
            4.585705283004307,
            4.386748152107717,
            3.7663389885971266,
            2.7482749886983067,
            2.3220986644858286,
            1.9559518251851125,
            1.4406281130783058,
            1.2228915432029426,
            0.7763943096386368,
            0.8243964553976352,
            0.5952811822569444,
            0.4575206411649957,
            0.4523987541816436,
            0.434230393624182,
            0.3274194906066194,
            0.3228538788647627,
            0.3098109531593863,
            0.2912403629629496,
            0.20601916081813104
        ],
        "validation_accuracy": [
            0.030202925908447382,
            0.030202925908447382,
            0.056158565361019354,
            0.09815950920245399,
            0.22888154789995283,
            0.341670599339311,
            0.4204813591316659,
            0.561113732892874,
            0.5913166588013214,
            0.7272298253893346,
            0.7428032090608778,
            0.8117036337895234,
            0.8456819254365266,
            0.83341198678622,
            0.8423784804152903,
            0.8980651250589902,
            0.8952336007550732,
            0.8942897593204342,
            0.8947616800377537,
            0.9292118924020765
        ],
        "test_fold_accuracy": 93.92223480558701,
        "epoch_count": 20
    },
    "1": {
        "train_loss": [
            4.787432486588363,
            4.642364114473697,
            4.582155102740376,
            4.476539316845863,
            4.285541374952916,
            3.6312771443350575,
            3.000139662024827,
            2.3980890635417715,
            2.0601523499570984,
            1.770139482129934,
            1.5385982095562176,
            1.3896726868696756,
            1.2659129224522427,
            1.1551767337538876,
            1.049692327412958,
            0.9816515412087539,
            0.9166360678244009,
            0.925192726004481,
            0.8182393181625053,
            0.776500258477814
        ],
        "train_accuracy": [
            0.020297380221855087,
            0.024427661080953504,
            0.02714184564550389,
            0.03351427897097002,
            0.051333490677366055,
            0.12001416096294547,
            0.226811423176776,
            0.35225395326882225,
            0.4323814019353316,
            0.5003540240736369,
            0.5626622610337503,
            0.5975926362992683,
            0.6383054047675242,
            0.6655652584375737,
            0.6912910077885296,
            0.7053339627094642,
            0.7244512626858626,
            0.7180788293603965,
            0.7528911966013688,
            0.7665801274486664
        ],
        "validation_loss": [
            4.658160294266791,
            4.618511137167988,
            4.5496972760483585,
            4.400487111952576,
            3.655659709465059,
            2.4050005544407744,
            1.692187592492682,
            1.167563048102148,
            0.8677580085859483,
            1.2615548049773513,
            0.533089187099946,
            0.5414820761051083,
            0.3834421101635838,
            0.30324460078714705,
            0.29233070921087784,
            0.3430181253225019,
            0.2657932796572221,
            0.2906351631763073,
            0.2756371005363991,
            0.18957468692025187
        ],
        "validation_accuracy": [
            0.024539877300613498,
            0.021236432279377066,
            0.031146767343086364,
            0.049551675318546484,
            0.12317130722038698,
            0.33836715431807457,
            0.49457291175082585,
            0.6399244926852289,
            0.7243983010854177,
            0.5965077866918358,
            0.8367154318074563,
            0.8249174138744692,
            0.8791882963662105,
            0.9023124115148655,
            0.9089193015573384,
            0.8829636621047664,
            0.9136385087305333,
            0.8919301557338367,
            0.9112789051439358,
            0.9405379896177443
        ],
        "test_fold_accuracy": 94.45073612684031,
        "epoch_count": 20
    },
    "2": {
        "train_loss": [
            4.8418233072192205,
            4.7549554121671544,
            4.661285704477007,
            4.608407717761719,
            4.60499243064396,
            4.576007990446579,
            4.5285011795238415,
            4.471007903398195,
            4.429899441681016,
            4.248749256134033,
            4.2619665163092835,
            4.523414304353787,
            4.3077724186463096,
            4.181005941406297,
            3.935932573237902,
            3.7663996440778513,
            4.253754276303095,
            3.720494014405968,
            3.4615880061017474,
            3.255913829927262
        ],
        "train_accuracy": [
            0.02124144441822044,
            0.02501770120368185,
            0.023011564786405474,
            0.02454566910549917,
            0.02348359688458815,
            0.026905829596412554,
            0.030800094406419634,
            0.034812367240972385,
            0.03752655180552277,
            0.051569506726457395,
            0.047793249940995985,
            0.033632286995515695,
            0.04330894500826056,
            0.05581779561010149,
            0.07174887892376682,
            0.0901581307528912,
            0.050389426481000706,
            0.09747462827472267,
            0.12921878687750765,
            0.1600188812839273
        ],
        "validation_loss": [
            4.666630225791409,
            4.714165351817269,
            4.631290585885581,
            4.624113569174132,
            4.6182570524967295,
            4.448200277811854,
            4.290224120998338,
            4.642209636540613,
            4.166255867666881,
            3.608205110298794,
            3.48617662962679,
            4.373510441953363,
            3.5206246495303146,
            3.3176076852133276,
            2.914115801685652,
            4.635397625509553,
            3.2887297655513343,
            2.9861587588097365,
            2.41861577965618,
            2.1275657422703467
        ],